time,sping fiow,precipitation,tem_1,tem_2,tem_3
2021.7.24,0.1,0,27.7,27.2,26.4
2021.7.25,0.4,0,27.9,28.4,27.2
2021.7.26,0.7,0,28.8,29.14771032,27.9
2021.7.27,1,15.9,27.5,28.84656548,28.2
2021.7.28,1.2,59.1,27.2,26.9,24.3
2021.7.29,1.5,0.7,25.8,24.5,23
2021.7.30,1.8,0,26.7,26.9,25.1
2021.7.31,2.1,0.2,30.5,29.7,28.8
2021.8.1,2.5,25.9,29.1,29.94748327,27.8
2021.8.2,3,0,28.2,28.91521044,26.7
2021.8.3,3.4,0,28.22422168,28.7,25.8
2021.8.4,3.8,48.1,27.8,29.5,27
2021.8.5,4.1,3.3,26.6,27.5,26.7
2021.8.6,4.2,0,26.7,27.9,26.9
2021.8.7,4.2,7.3,27.3,27.8,25.2
2021.8.8,4.2,0,27.5,28.2,25.6
2021.8.9,4.2,0.1,27.3,29,26.7
2021.8.10,4.2,0,27.3,28,26.8
2021.8.11,4.2,0,28,28,24.59941788
2021.8.12,4.2,4.4,26.9,27,22.9
2021.8.13,4.2,0,25.7,25.9,23.9
2021.8.14,4.2,0,25.1,26.2,24.3
2021.8.15,4.2,0,26.3,26.7,24.5
2021.8.16,4.2,0,26.7,27.3,25.6
2021.8.17,4.2,0,27.6,27.7,25.6
2021.8.18,4.2,21.5,27.8,28.3,24.8
2021.8.19,4.2,1.4,27.7,28,25.1
2021.8.20,4.2,91.1,26.5,25.4,24
2021.8.21,4.2,0,25.6,26.1,24
2021.8.22,4.2,24.5,23.5,24.5,22.3
2021.8.23,4.2,0.8,24.1,24.9,22.5
2021.8.24,4.2,0,25.9,26.9,25.5
2021.8.25,4.2,0,25.1,26.5,25.5
2021.8.26,4.2,0,25,24.4,23.8
2021.8.27,4.2,0,23.5,23.1,23.5
2021.8.28,4.2,24.4,20.8,21.1,20.9
2021.8.29,4.2,114.1,20.2,20.2,19
2021.8.30,4.2,56.5,21.5,21.4,19.3
2021.8.31,4.2,130.6,21.3,21.4,18.1
2021.9.1,5.2,44.5,20.6,21.5,20.6
2021.9.2,5.2,0,22.6,24,22.8
2021.9.3,5.2,5,23.4,24.3,22.5
2021.9.4,5.4,135.6,20.4,19.9,17.4
2021.9.5,5.4,0,23,22.6,20.2
2021.9.6,5.4,16.4,21.9,22.3,19.6
2021.9.7,5.4,0.5,22.5,23.4,22
2021.9.8,5.4,0,22.7,25,23.5
2021.9.9,5.4,0,24.5,26.3,25.4
2021.9.10,7.5,3.4,26,26.8,23.9
2021.9.11,6.9,0,26.8,27.8,25.8
2021.9.12,7.1,0,26.6,27.1,26
2021.9.13,7.1,0,26.8,26.5,25
2021.9.14,7.1,0,26.9,26.9,24.4
2021.9.15,7.1,0,24.8,25.1,23.4
2021.9.16,7.1,0.3,23.1,22.7,20.8
2021.9.17,7.1,3,21.5,22.1,19.8
2021.9.18,7.1,107.2,19.3,19.4,17.6
2021.9.19,7.1,256.8,17.5,16.9,14.8
2021.9.20,7.1,0.1,20.9,21.9,20.5
2021.9.21,7.1,0,23.7,25.2,26.8
2021.9.22,8.4,0,23.6,24.4,22.9
2021.9.23,8.4,2.9,25,24.3,21.3
2021.9.24,8.4,94.6,21.2,21.1,18.1
2021.9.25,8.8,176.1,20,19.2,16.6
2021.9.26,8.8,100.8,20.3,19.7,17.1
2021.9.27,8.9,0.7,20.8,20.8,18.7
2021.9.28,8.9,37.1,18.5,19.5,16.9
2021.9.29,9.3,0,19.9,21.6,20.9
2021.9.30,9.3,0,22.1,23.7,23.3
2021.10.1,9.8,0,22.8,23.1,19.9
2021.10.2,9.8,0,22.9,23.5,20.6
2021.10.3,9.8,33.1,24.9,23.9,19.7
2021.10.4,9.8,27.2,19.4,18.8,15.2
2021.10.5,10.02,3.5,13.8,13,9.8
2021.10.6,9.8,13.8,12.6,12,9.3
2021.10.7,9.8,11,13.9,13.5,11.7
2021.10.8,9.8,1,14.2,14.2,12.2
2021.10.9,9.8,1.3,15.4,15.5,13.5
2021.10.10,9.8,2,15.7,15.7,14.8
2021.10.11,9.8,0,14.3,14.7,11.9
2021.10.12,9.4,0.9,15.5,15.6,13.4
2021.10.13,9.8,0,16.7,17.2,16.2
2021.10.14,9.8,18.1,16.6,16,14.5
2021.10.15,9.4,1.3,16.9,16.7,15.4
2021.10.16,9.4,0,13.4,12.7,10.7
2021.10.17,9.4,0,8.6,9.3,9.3
2021.10.18,9.4,0,11.1,13.2,13
2021.10.19,9.4,0,11.7,11.6,9.7
2021.10.20,9,0,11.5,11.5,9.2
2021.10.21,9,0,10.8,11.4,11
2021.10.22,9,0,12.2,11.8,11
2021.10.23,9,0,12.4,12.8,11.3
2021.10.24,9,0,12,13.7,12.5
2021.10.25,8.9,0,12.5,14.3,14.1
2021.10.26,8.9,0,15.2,15.7,14.6
2021.10.27,8.9,0,15.1,14,14
2021.10.28,8.9,0,14.6,16.1,15.5
2021.10.29,8.9,0,13.8,14.6,15.5
2021.10.30,8.9,0,15,15.7,16.2
2021.10.31,8.9,0,16.5,15.2,14.8
2021.11.1,8.9,0,12.7,13.3,11
2021.11.2,8.9,1.3,13,13.2,11.8
2021.11.3,8.9,0,13.1,14.6,14.7
2021.11.4,8.6,0,13.4,14.2,15
2021.11.5,8.6,0,16.5,15.4,13
2021.11.6,8.6,0,15.2,15.6,14
2021.11.7,8.6,53.4,5.9,5.3,2.8
2021.11.8,8.6,0,4.4,5.3,4.7
2021.11.9,8.6,0,6.3,7,8.7
2021.11.10,8.5,0,8.8,9.4,11.7
2021.11.11,8.4,0,11.7,9,11.6
2021.11.12,8.4,0,9.4,9,11.2
2021.11.13,8.4,0,9.2,10.9,13.1
2021.11.14,8.3,0,10,10.4,13
2021.11.15,8.3,0,11.6,12.1,11.5
2021.11.16,8.3,0,8.2,10.4,8.3
2021.11.17,8.3,0,10.2,12,11.7
2021.11.18,8.2,0,10.8,12.3,14.1
2021.11.19,8.2,0,12.1,10.5,9.2
2021.11.20,8.2,7.8,9.9,9.5,6.2
2021.11.21,8.2,0.8,9.2,9.3,6.3
2021.11.22,8.2,0,4.4,4.7,3.1
2021.11.23,8.2,0,3.1,4.1,5.2
2021.11.24,8.2,0,6.5,8.3,9.2
2021.11.25,8.2,0,7.6,7.4,11.6
2021.11.26,8.2,0,8.1,7.4,9
2021.11.27,8.2,0,6.6,6.8,7.5
2021.11.28,8.2,0,8.5,7.7,9.2
2021.11.29,8,5.4,7.5,7.4,6.3
2021.11.30,8,0,5.3,5.3,5.1
2021.12.1,8,0,1.8,2.3,2.9
2021.12.2,8,0,4.3,6.4,7.6
2021.12.3,8,0,7.4,7.4,10.2
2021.12.4,7.7,0,5.6,5.5,9
2021.12.5,7.7,0,5.1,6.8,7.9
2021.12.6,7.7,0,7.1,6.1,8.5
2021.12.7,7.7,0,6.9,5.8,4.9
2021.12.8,7.7,0,4.5,5.1,4.2
2021.12.9,7.7,0,4.1,5.9,6.7
2021.12.10,7.4,0,6.7,5.6,5.6
2021.12.11,7.4,5.6,6.8,7.4,7.1
2021.12.12,7.4,0,4.2,4.4,2.7
2021.12.13,7.4,0,0.4,2.2,1.3
2021.12.14,7.3,0,3.6,6.2,6.4
2021.12.15,7.3,0,4.5,4.4,7
2021.12.16,7.3,0,4.8,4.7,6.1
2021.12.17,7.3,0,1.5,-0.1,0.2
2021.12.18,7.3,0,0.2,2.9,1.9
2021.12.19,7.3,0,4,6.6,7.3
2021.12.20,7.3,0,5.8,9.8,12.2
2021.12.21,7.2,0,6.3,5.3,9.8
2021.12.22,7.2,0,3.2,3.8,3.9
2021.12.23,7.2,0,1.6,3.5,1
2021.12.24,7.2,3.4,0.6,-0.5,-3.4
2021.12.25,7.1,0,-4.3,-4.4,-7.1
2021.12.26,7.1,0,-6.6,-4.8,-6.3
2021.12.27,7.1,0,-4.4,-1.6,-1
2021.12.28,7.1,0,0.7,1.1,2.1
2021.12.29,7.1,0,3,3.1,4.2
2021.12.30,7.1,0,1.8,3,3.5
2022.1.1,7,0,2.1,1.4,2.2
2022.1.2,7,0,2.5,3.3,4.8
2022.1.3,7,0,1.9,2,0.5
2022.1.4,7,0,1.3,2.3,1.6
2022.1.5,7,0,1,2.1,0.6
2022.1.6,7,7.3,0.9,0.5,-1.1
2022.1.7,6.8,0,1.8,2,-0.1
2022.1.8,6.8,0,3.2,3.7,1.9
2022.1.9,6.8,0,1.5,2.8,3.6
2022.1.10,6.8,0,1.9,0.8,1.8
2022.1.11,6.8,0.5,2.9,2.6,0.2
2022.1.12,6.8,0,1.3,0.7,0
2022.1.13,6.8,0,1.4,1.9,-1.4
2022.1.14,6.8,0,-0.8,-0.1,-1
2022.1.15,6.6,0,-1.5,0,0.3
2022.1.16,6.6,0,1.5,3,3.4
2022.1.17,6.6,0,0.6,1.7,0.4
2022.1.18,6.6,0,0.1,1.7,0.5
2022.1.19,6.6,0,-0.6,1.2,1.8
2022.1.20,6.6,0,0.5,1.3,0.6
2022.1.21,6.6,0.1,-0.4,-1.5,-4.2
2022.1.22,6.6,6.2,-1.4,-2,-4.9
2022.1.23,6.6,10.3,-0.4,-1.1,-3.4
2022.1.24,6.6,2.7,0.6,-0.2,-2.7
2022.1.25,6.6,1.3,-0.2,-0.1,-2.3
2022.1.26,6.6,0,1.1,1.4,-0.3
2022.1.27,6.6,0,1.8,1.1,-1
2022.1.28,6.6,0.2,1.6,1.7,-0.7
2022.1.29,6.6,0,0.1,0.6,-1.3
2022.1.30,6.6,0,1.3,1.6,-0.5
2022.2.1,6.6,0,1.5,2.9,1.1
2022.2.2,6.6,0,2.1,2.6,2.3
2022.2.3,6.6,0,0.3,0.7,-0.2
2022.2.4,6.6,0,0.4,1.4,0.5
2022.2.5,6.6,0,0.6,1.2,0.9
2022.2.6,6.6,0,2,0.7,-0.4
2022.2.7,6.6,0,-1.3,-0.9,-1.1
2022.2.8,6.6,0,-0.1,0.6,0.4
2022.2.9,6.6,0,2.6,2.7,1.6
2022.2.10,6.6,0,1,2.6,2.3
2022.2.11,6.6,0,1.9,3.8,3.5
2022.2.12,6.6,0,2.4,2.5,3.6
2022.2.13,6.6,0,3.7,3.4,4.5
2022.2.14,6.6,0,3.1,3.6,4.1
2022.2.15,6.6,0,3.5,3.1,-0.1
2022.2.16,6.6,0,1.8,0.2,-1.9
2022.2.17,6.6,0,0.4,0.6,-2.2
2022.2.18,6.6,0,0.2,0.2,-2.8
2022.2.19,6.4,0,0,-0.6,-2.4
2022.2.20,6.6,0.4,-2.1,-1.3,-1.3
2022.2.21,6.6,0,1.3,1.3,-0.4
2022.2.22,6.1,0,0.7,1,1.6
2022.2.23,6.1,0,5,3.4,2.9
2022.2.24,6.1,0,2.2,2.2,0.9
2022.2.25,6.1,0,1.4,1.3,1.1
2022.2.26,6.1,0,3.7,4.6,5
2022.2.27,6.1,0,7.2,8.8,10
2022.2.28,6.1,0,10.9,10.6,10.9
2022.3.1,6,0,9.4,8.3,10.3
2022.3.2,6,0,13.3,12,12.1
2022.3.3,6,0,10.1,8.5,7.7
2022.3.4,6,0,7.9,8,9.1
2022.3.5,6,0,9.9,10.5,12.8
2022.3.6,6,0,14.3,14.3,16.8
2022.3.7,6,0,11.8,10,9.2
2022.3.8,6,0,10,8.9,9.2
2022.3.9,6,0,12,10.8,12
2022.3.10,6,0,13.1,11.2,13.5
2022.3.11,6,0,14.7,13,13.9
2022.3.12,6,0,15.6,15.3,16.6
2022.3.13,6,0,17.7,14.5,15.2
2022.3.14,6,11.7,12.7,11,8.9
2022.3.15,5.9,0,11.9,10.8,8.1
2022.3.16,5.9,0,13.8,14.1,13.2
2022.3.17,5.9,0,14.3,14.5,16.8
2022.3.18,5.9,11.5,13.5,11.6,11
2022.3.19,5.9,0.1,5.9,4.8,3.4
2022.3.20,5.9,0,5.8,6,3.9
2022.3.21,5.7,0.3,5,3.8,1.3
2022.3.22,5.7,0,4.8,4.5,4.5
2022.3.23,5.7,0,6.3,5.8,5.3
2022.3.24,5.7,0,8.4,8.2,7.3
2022.3.25,5.7,0,10.6,10.6,11.1
2022.3.26,5.7,0,10.7,10.6,10.2
2022.3.27,5.7,23.8,11.5,10.4,8.5
2022.3.28,5.5,0,11,12,12.5
2022.3.29,5.5,0,13,11.9,11.1
2022.3.30,5.5,0,11.7,11.6,11.6
2022.3.31,5.3,0.5,15,14,14
2022.4.1,5.3,0.1,13.5,13,10.3
2022.4.2,5.3,0,12.3,11.6,11
2022.4.3,5.3,0,12.4,11.8,12.2
2022.4.4,5.3,0,13.1,12.4,13.4
2022.4.5,5.3,0,14,12.9,13.7
2022.4.6,5.3,0,16,15.4,16.4
2022.4.7,5.3,0,20.1,19.7,22.2
2022.4.8,5.3,0,16.9,14.4,13.6
2022.4.9,5.3,0,14.6,14.3,15.2
2022.4.10,5.3,0,18.4,18.5,20.5
2022.4.11,5.2,0,23.5,23,26.2
2022.4.12,5.2,0,23.9,23.1,26.8
2022.4.13,5.2,0,25.3,24.6,26.6
2022.4.14,5.2,27,17.6,15.6,14
2022.4.15,5.8,0,15.8,14.3,13.8
2022.4.16,5.2,2.6,14.1,13.2,11.7
2022.4.17,5.2,0,14.1,13.3,12
2022.4.18,5.1,0,13.6,13,13.3
2022.4.19,5.1,0,13.1,13,13.9
2022.4.20,5.1,0,14.6,14.6,16.2
2022.4.21,5.1,0,16.6,16.8,17.3
2022.4.22,5.1,0,19.2,19,21.3
2022.4.23,5.1,0,21.5,20.4,22.8
2022.4.24,5.1,0,20.2,18.1,17.8
2022.4.25,5,0,18.4,18.9,19.9
2022.4.26,5,0,21.1,22,23.1
2022.4.27,4.9,0,23.6,23.6,22.8
2022.4.28,4.9,0,22.5,20.9,21.4
2022.4.29,4.7,0,19.9,18.1,17
2022.4.30,4.7,17.2,12,11.1,8.6
2022.5.1,4.7,0,13.8,12.4,12.2
2022.5.2,4.7,0,15.3,14.8,13.8
2022.5.3,4.6,0,16.2,17,18.7
2022.5.4,4.6,0.9,18.5,19.7,21.3
2022.5.5,4.6,0,20.7,21.6,23.9
2022.5.6,4.6,0,23.2,23.4,26.4
2022.5.7,4.6,0,24.6,23.6,25.3
2022.5.8,4.6,0,22.6,21.1,20.7
2022.5.9,4.5,0,18.3,15.8,13.9
2022.5.10,4.5,0,13.3,12.4,10.3
2022.5.11,4.5,35.1,10.6,10.1,8.7
2022.5.12,4.5,0,14.4,13.8,14.6
2022.5.13,4.5,0,16.7,15.7,14.1
2022.5.14,4.5,0.2,16,14.8,11.7
2022.5.15,4.5,0.3,17.4,16.9,15
2022.5.16,4.5,0,17.6,17.6,16.9
2022.5.17,4.5,0,18.1,18.8,19.3
2022.5.18,4.5,0,21,21.6,23
2022.5.19,4.5,0,23.3,23.6,27.6
2022.5.20,4.5,0,23.7,24,25.5
2022.5.21,4.4,0,22.7,22.2,22.8
2022.5.22,4.4,0,22.8,22.7,23.4
2022.5.23,4.4,0,24.8,24.3,25.4
2022.5.24,4.4,0,25.6,24.6,25.8
2022.5.25,4.4,0,25.4,25.1,24.3
2022.5.26,4.4,0,27.4,25.6,25.2
2022.5.27,4.4,0,25.8,24.4,23.6
2022.5.28,4.3,0,23.9,23.2,23.3
2022.5.29,4.3,0,25.8,24.8,25.9
2022.5.30,4.3,0,27.4,27,29.6
2022.5.31,4.3,3.7,27.6,26.4,27.8
2022.6.1,4.3,0,27.8,25.9,26.4
2022.6.2,4.3,0,26.2,27,29.6
2022.6.3,4.2,0,29.4,27.8,28.3
2022.6.4,4.2,0,29.6,28.6,29.2
2022.6.5,4.2,0,32.2,30.3,29.8
2022.6.6,4.2,1.1,28.3,27.3,26.9
2022.6.7,4.2,0,29,28.9,29.9
2022.6.8,4.1,0,30.2,27.8,28.5
2022.6.9,4.1,0,28.3,27.2,25.7
2022.6.10,4.1,0,28.9,27.9,27.9
2022.6.11,4.1,16.2,27,25.2,22.7
2022.6.12,3.3,10.6,26.4,25.6,26
2022.6.13,3.3,0,27.3,26.7,26.7
2022.6.14,3.2,6.8,25.6,26.7,23.4
2022.6.15,3,0.1,26.6,27.6,25.6
2022.6.16,3,2.3,26.5,25.6,24.9
2022.6.17,2.9,0,29.5,27.9,27.2
2022.6.18,2.8,0,33.3,30.8,32
2022.6.19,2.7,0,33.7,32.6,30.9
2022.6.20,2.7,0,33,32.6,32.2
2022.6.21,2.6,0,33,32.7,32.1
2022.6.22,2.6,0,34.1,32.6,32.8
2022.6.23,3.5,0,33.4,32,32.5
2022.6.24,2.8,0,34.4,33.2,32
2022.6.25,2.7,25.9,30.7,30.5,29.9
2022.6.26,2.7,0,33.4,34.1,32.8
2022.6.27,2.6,0,34.5,34.4,34
2022.6.28,2.5,19.8,32.6,33,31.1
2022.6.29,2.5,5.1,27.1,27.1,25.1
2022.6.30,2.6,1.2,28.7,28.2,26.5
2022.7.1,2.6,24.8,26.8,27.6,24.4
2022.7.2,2.6,102.1,23.6,23.8,22.2
2022.7.3,3.5,0.8,27.8,28.1,24
2022.7.4,3.3,28,28.6,28.6,25.2
2022.7.5,3.3,94.3,25.7,24.8,23.3
2022.7.6,3.5,0.3,28.3,28,27.1
2022.7.7,3.5,230.1,25.8,26,23.9
2022.7.8,3.5,2.3,28.5,27.6,26.1
2022.7.9,3.5,0,29.8,29.7,28.6
2022.7.10,3.5,0,31,31,30.5
2022.7.11,3.5,0,31.8,32,30.1
2022.7.12,3.5,43.2,25.5,24.1,22.3
2022.7.13,3.5,4.3,24,23.6,21.6
2022.7.14,3.5,31.5,23.8,23.7,21.8
2022.7.15,4,68,24.2,24,23.6
2022.7.16,5,0,28.1,28,27.2
2022.7.17,6.5,0,28.9,29,27.4
2022.7.18,6.5,199,26.5,26.3,23.8
2022.7.19,6.6,0,27.9,27.7,26.9
2022.7.20,6.8,0,29,28.8,28.1
2022.7.21,6.9,1.2,25,24.8,23.9
2022.7.22,7.5,22.3,22.8,22.6,22.2
2022.7.23,7.2,0,26.6,26.8,26.7
2022.7.24,7.2,74.3,23.6,23.3,21.9
2022.7.25,7.2,1.1,24.3,24.8,23.3
2022.7.26,7.4,0,27.1,27.7,26.9
2022.7.27,7.4,82.9,26.3,26.6,25.1
2022.7.28,8.4,3.6,26.3,26.3,24.2
2022.7.29,8.4,87.8,26.4,26.5,25.5
2022.7.30,8.4,24.4,25.4,25.9,24
2022.7.31,8.5,0,26.8,26.8,25.1
2022.8.1,8.5,0,27.1,27.5,26.4
2022.8.2,8.5,20.2,26.6,28.4,27.4
2022.8.3,8.5,0,28.8,29.7,28.2
2022.8.4,8.6,0,30,30.2,28.9
2022.8.5,8.6,0.9,30.6,30.4,28.8
2022.8.6,8.6,0,31.8,32.5,30.6
2022.8.7,8.6,24.4,31.6,31.8,29.3
2022.8.8,8.6,0,32,31.5,29.7
2022.8.9,8.5,0,31.8,31.8,30.7
2022.8.10,8.5,24,30.6,29.4,26.7
2022.8.11,8.5,4.3,24,22.9,20.1
2022.8.12,8.5,1.9,23.5,23,21.2
2022.8.13,8.5,0.1,26.8,27.5,24.5
2022.8.14,8.7,0,30.7,31.1,28.2
2022.8.15,8.7,1.4,30,29.2,25.6
2022.8.16,8.6,0.3,30,30.4,28.1
2022.8.17,8.4,0,30.6,31.2,29.4
2022.8.18,8.4,0,27.1,27.8,25.8
2022.8.19,8.4,0,27,27.4,25.2
2022.8.20,8.3,6.5,29.2,30.7,28.3
2022.8.21,8.3,4.3,30.2,30.8,29.7
2022.8.22,8.3,0,28.7,27.6,24.8
2022.8.23,8.2,0,27.8,28,26.6
2022.8.24,8.2,1.9,29.1,29.1,26.8
2022.8.25,8,0,26.9,26.3,24.7
2022.8.26,8,1,25.2,25.4,23.4
2022.8.27,8,6.7,23.3,23.1,22.7
2022.8.28,8.5,0,23.5,24.5,23.9
2022.8.29,8,0.3,23.3,22.6,21.3
2022.8.30,8,48.1,17,17.6,14.9
2022.8.31,8.1,10.4,19.3,19.5,17.8
2022.9.1,8.1,11.6,21.1,20.9,20.6
2022.9.2,8,0,22.7,23.2,23.1
2022.9.3,8,0,25.1,25.1,24.1
2022.9.4,8,1,22.7,23.5,22.7
2022.9.5,8,4.5,22.5,22.7,20.7
2022.9.6,8,0,23.5,24.3,23.7
2022.9.7,7.9,0,25.3,26.3,26.2
2022.9.8,7.9,0,26.4,25.9,26.4
2022.9.9,8,0,24.7,24.3,24.5
2022.9.10,7.8,0,24.4,25.5,24.3
2022.9.11,7.8,0,23.9,24.8,23.2
2022.9.12,7.8,1,21.2,22.2,20.7
2022.9.13,7.8,0,22.1,23.8,22.6
2022.9.14,7.7,0,23,24,24.4
2022.9.15,7.7,0,24.7,24.3,23.7
2022.9.16,7.6,0.9,24.1,23.8,22.9
2022.9.17,7.6,0.3,24.8,23.7,22.2
2022.9.18,7.6,0,24.5,24.7,23.3
2022.9.19,7.6,0,24.4,25.4,25.2
2022.9.20,7.6,0,25.6,25.5,25.2
2022.9.21,7.6,0,24.5,24.5,22.1
2022.9.22,7.5,0,21.1,21.1,18.3
2022.9.23,7.4,0,20.1,21.2,19.9
2022.9.24,7.4,0,23.3,23.8,23.8
2022.9.25,7.4,0,20.6,20.8,19.5
2022.9.26,7.3,0,16.8,18.3,17.6
2022.9.27,7.3,0,19.1,21,21.3
2022.9.28,7.3,0,21.2,22.1,22.4
2022.9.29,7.2,0,20.7,21.2,21.3
2022.9.30,7.2,0,21.3,23.6,23.1
2022.10.1,7.5,0,22.8,24.7,25
2022.10.2,7.2,0,25.1,25.1,25.2
2022.10.3,7.2,57,21.6,21.3,18.9
2022.10.4,7.3,42.8,21.6,20.8,18.5
2022.10.5,7.2,34.7,20.4,19.6,16.6
2022.10.6,7.1,4.8,11.8,12,10
2022.10.7,7.1,21.8,9,9.6,8.1
2022.10.8,7,0,10.2,10.8,9.2
2022.10.9,7,0,11.4,11.8,12.6
2022.10.10,7,0,13.4,14.2,14.5
2022.10.11,7,0,14.3,14.7,13.7
2022.10.12,6.9,0,10.6,11.9,12.5
2022.10.13,6.9,0,12.5,13.5,13.4
2022.10.14,6.9,0,12.2,13.8,13.7
2022.10.15,6.9,0,14.1,15.2,13.8
2022.10.16,6.9,0,15.5,16.5,17
2022.10.17,6.9,0,17.3,18.1,17.9
2022.10.18,6.8,0,18.2,17.9,16.1
2022.10.19,6.8,0,14.8,13.9,12.3
2022.10.20,6.7,0,11.3,12.3,12
2022.10.21,6.7,0,13.3,14.3,14.8
2022.10.22,6.7,0,13.3,13.9,15.3
2022.10.23,6.7,0,14.6,16,17.4
2022.10.24,6.6,0,17.6,17.2,18.3
2022.10.25,6.6,0,15.3,15.9,16.9
2022.10.26,6.6,0,15.3,16.5,16.3
2022.10.27,6.5,0,16.1,17.8,16.3
2022.10.28,6.4,2.4,14.9,15.2,14.6
2022.10.29,6.4,0,15,14.2,12.7
2022.10.30,6.4,0,13.7,14,12
2022.10.31,6.4,0.3,14.3,14.7,12.2
2022.11.1,6.3,0.5,13.6,14.7,13.2
2022.11.2,6.3,0,13.8,13.7,14.1
2022.11.3,6.2,0,13.6,13.4,11.6
2022.11.4,6.2,0,14.3,14.4,13.8
2022.11.5,6.2,0,13.8,12.7,10.4
2022.11.6,6.2,0,9.4,10.7,9.4
2022.11.7,6.2,0.1,9.1,10.8,11
2022.11.8,6.2,0,12.7,13.3,12.5
2022.11.9,6.1,0,11.4,12.7,11.6
2022.11.10,6.1,0,10.5,10.4,10.9
2022.11.11,6,3.6,14.2,13.8,10.6
2022.11.12,6,9.9,13.7,13.1,11
2022.11.13,6,0.4,14.7,14.4,11
2022.11.14,6,0.9,14.1,14.4,12.5
2022.11.15,5.9,0,7.8,7.9,5.9
2022.11.16,5.9,0,6.4,8.1,8.2
2022.11.17,5.9,0,8.6,10.5,11.8
2022.11.18,5.9,0,8.9,10.4,10.5
2022.11.19,5.9,0,9.1,11,11.5
2022.11.20,5.9,6.5,11.3,10.1,8.4
2022.11.21,5.8,0.2,10.7,11,11.1
2022.11.22,5.7,0,10.7,11.1,8.7
2022.11.23,5.7,7.3,11.3,10.5,7.9
2022.11.24,5.6,12,10,9.6,6.8
2022.11.25,5.6,0,10.3,10.7,9.4
2022.11.26,5.5,0,9.7,11.5,13.6
2022.11.27,5.5,0,10.8,12.3,13
2022.11.28,5.4,0,9.2,8,6.6
2022.11.29,5.4,1.9,6.1,5.5,3.5
2022.11.30,5.3,2.8,7,7.4,6.2
2022.12.1,5.3,0,2.3,2.2,-0.3
2022.12.2,5.2,0,-2.1,-1.8,-4.3
2022.12.3,5.2,0.1,-3,-1.9,-2.9
2022.12.4,5.1,0,-2,0.1,-1.9
2022.12.5,5,0,1.9,1.4,0.3
2022.12.6,4.9,0,1.8,2,-0.4
2022.12.7,4.8,0,-0.2,1.3,1.6
2022.12.8,4.8,0,0.7,1.5,2.3
2022.12.9,4.8,0,0.7,2.6,4.5
2022.12.10,4.7,0,2.8,2.3,3.6
2022.12.11,4.7,0,1.2,1.3,2.9
2022.12.12,4.7,0,3.4,2.2,2
2022.12.13,4.7,0,-1.1,-0.1,0.4
2022.12.14,4.7,0,1.5,4.6,5
2022.12.15,4.6,0,2,3.2,4.1
2022.12.16,4.6,0,-1.4,0.8,0.8
2022.12.17,4.6,0,1.6,1.4,-0.4
2022.12.18,4.6,0,-2.8,-1.9,-3.4
2022.12.19,4.5,0,-1.4,-1.3,-3.9
2022.12.20,4.5,0,-1.8,1.4,0.4
2022.12.21,4.5,0,0.1,-1,0.8
2022.12.22,4.4,0,1.6,1.1,1
2022.12.23,4.4,0,3.6,4.3,3.9
2022.12.24,4.3,0,-0.4,-1.3,-2.2
2022.12.25,4.3,0,-0.8,-2.3,-2.1
2022.12.26,4.3,0,-2.8,-1.5,-1
2022.12.27,4.3,0.5,-1.7,-1.9,-1
2022.12.28,4.2,1.8,-0.4,0.4,0.2
2022.12.29,4.2,0,-0.6,-1.3,-0.5
2022.12.30,4.2,0,-3,-2.1,-0.7
2022.12.31,4.2,0,-2.2,-1.9,1
2023.1.1,4.2,0,-1.6,-1.3,0.2
2023.1.2,4.2,0,0.5,1.3,3.1
2023.1.3,4.1,0,1.4,0.5,1.8
2023.1.4,4.1,0,0.7,1.1,0.5
2023.1.5,4.1,0,-1,-0.2,1.2
2023.1.6,4.1,0,0.7,1.9,1.7
2023.1.7,4.1,0,0,1.3,2.5
2023.1.8,4.1,0,4.3,7.8,9.4
2023.1.9,4.1,0,5.1,5.1,8.3
2023.1.10,4.1,0,4.7,4.2,6.7
2023.1.11,4.1,0,7.7,7.2,4.7
2023.1.12,4,0,1.2,2.7,2.5
2023.1.13,4,0,2.1,2.3,2.7
2023.1.14,4,0,4.7,3,1.3
2023.1.15,4,0,5.3,5.6,3.2
2023.1.16,4,9.6,0.4,-1.2,-3.3
2023.1.17,4,0,-2.8,-3.2,-4.4
2023.1.18,4,0,-3.9,-2.6,-3
2023.1.19,4,0,-0.8,-1.658747647,0.5
2023.1.20,4,0,1.1,1.2,0.8
2023.1.21,4,0,3.3,4.4,4
2023.1.22,3.9,0,-0.2,-0.3,-1.9
2023.1.23,3.9,0,-1.4,0.3,-1.3
2023.1.24,3.9,0,-0.9,0.5,1.2
2023.1.25,3.8,0,0.9,-0.7,-1
2023.1.26,3.8,0,-4.7,-4.4,-6.5
2023.1.27,3.8,0,-5.1,-4.1,-5.6
2023.1.28,3.8,0,-2,-2.9,-4.3
2023.1.29,3.7,0,-0.5,-1.5,-0.8
2023.1.30,3.7,0,-1.3,0.3,1.6
2023.2.1,3.7,0,2.1,6.4,7.1
2023.2.2,3.7,0,2.7,4.5,7
2023.2.3,3.6,0,5.2,5,8.5
2023.2.4,3.6,0,4.6,3.7,2.5
2023.2.5,3.6,0,1.7,1.8,-0.5
2023.2.6,3.6,0,-0.9,1.5,0.3
2023.2.7,3.6,0,1.5,2.4,3.4
2023.2.8,3.6,0,2.9,4.7,4.8
2023.2.9,3.5,0,4.9,5.4,4.9
2023.2.10,3.5,0,3.7,5.5,4
2023.2.11,3.5,0,4.5,5.1,1.9
2023.2.12,3.5,1.1,3,2.6,0.2
2023.2.13,3.5,0,3.4,4,1.9
2023.2.14,3.4,0.6,4.4,4.6,3.2
2023.2.15,3.4,16.3,5,4.5,1.6
2023.2.16,3.4,0.2,4.2,2.9,1.2
2023.2.17,3.3,0,1.5,1.9,1.7
2023.2.18,3.3,0,2.7,3.1,2.8
2023.2.19,3.3,0,2.3,4.1,3.8
2023.2.20,3.3,0,5.8,6.2,5
2023.2.21,3.3,0,10.3,10.2,8.2
2023.2.22,3.2,0,5.8,6.7,6.7
2023.2.23,3.2,0,6.5,5.6,6.5
2023.2.24,3.2,0,6.5,6.2,4
2023.2.25,3.2,0,4.9,5.3,4.5
2023.2.26,3.1,0,5,5,5.3
2023.2.27,3.1,0.4,5.5,4.6,3.8
2023.2.28,3,0,5,5.4,3.6
2023.3.1,3,0,4.8,5.7,5.1
2023.3.2,2.9,0,6.2,8.3,8.1
2023.3.3,2.9,0,9.5,10,10.1
2023.3.4,2.8,0,11.5,9.6,10.7
2023.3.5,2.8,0,8.9,9.2,9.4
2023.3.6,2.7,0,11.5,13.8,14.4
2023.3.7,2.7,0,14.7,12.2,14.5
2023.3.8,2.5,0,12.7,12.8,13.7
2023.3.9,2.5,0,15.6,15.6,17
2023.3.10,2.3,0,15.7,16,17.3
2023.3.11,2.3,0,19.5,17.2,18.7
2023.3.12,2.1,0,16.9,17.9,20
2023.3.13,2.1,0,17.8,19.2,20.7
2023.3.14,2,0,15.4,13.5,13.8
2023.3.15,1.9,0,9.6,9.4,9.5
2023.3.16,1.8,0,10.8,11.7,12.9
2023.3.17,1.6,0,14.7,14.9,17.7
2023.3.18,1.6,0,12.9,11.3,9.7
2023.3.19,1.5,27.9,5.7,5.4,4.8
2023.3.20,1.5,1.1,5.4,5.2,4.8
2023.3.21,1.5,0,8.3,7.4,6.9
2023.3.22,1.4,0,9.3,9,9.8
2023.3.23,1.4,0,10.2,10.8,10
2023.3.24,1.4,0,13,12.8,12.6
2023.3.25,1.3,0,15.5,13.6,13.9
2023.3.26,1.3,0,14.2,12.4,11.8
2023.3.27,1.3,0,12.3,12,11.1
2023.3.28,1.3,0,12.1,11.6,9.6
2023.3.29,1.3,0,10.3,10.9,9.8
2023.3.30,1.3,0,13.1,14.1,14.5
2023.3.31,1.3,0,16.4,15.4,16.4
2023.4.1,1.2,0,16.2,16.1,16.9
2023.4.2,1.1,0,15.9,14.6,16.9
2023.4.3,1.1,0,15.8,15.9,15.4
2023.4.4,1.1,0,17.7,16.6,16.6
2023.4.5,1.1,0,18.6,17,16.9
2023.4.6,1.1,120.1,12.2,11.9,9.8
2023.4.7,1.1,16.9,11.1,10,7.3
2023.4.8,1.1,0,12.1,12,10.3
2023.4.9,1,0,14.5,13.9,12.7
2023.4.10,1,0,12.8,12.4,11.3
2023.4.11,1,0,14,13.7,13.1
2023.4.12,0.9,0,17.9,17.8,19.5
2023.4.13,0.9,0,19.7,20.5,21.9
2023.4.14,0.9,0,20.5,18.1,18.8
2023.4.15,0.9,0,17.8,16.5,16.8
2023.4.16,0.8,0,20.9,20,19.5
2023.4.17,0.8,0,19.6,18.8,19.4
2023.4.18,0.8,0,19.3,18.7,18
2023.4.19,0.8,0,18.4,17.3,17
2023.4.20,0.8,0,20.5,20.2,19.7
2023.4.21,0.8,0,22.6,20.7,19.5
2023.4.22,0.7,0,22.7,22.3,21.6
2023.4.23,0.7,0,19.9,19.6,18.5
2023.4.24,0.7,0,12.5,12,9.5
2023.4.25,0.7,38.5,6.7,6.7,3.9
2023.4.26,0.7,67.2,6.2,7.1,3.5
2023.4.27,0.7,22.4,8.4,8.8,6
2023.4.28,0.7,0,13.1,14.1,13.9
2023.4.29,0.7,0,16.1,16.5,16.2
2023.4.30,0.7,0,19.4,19.3,19.7
2023.5.1,0.7,0.5,19.3,18.8,17.2
2023.5.2,0.7,0,18.6,17.5,17.7
2023.5.3,0.7,0,17.9,18.8,19.3
2023.5.4,0.7,0,21.3,20.5,20.5
2023.5.5,0.7,0,20.3,20.1,22.4
2023.5.6,0.7,71.1,19.3,18,17.2
2023.5.7,0.7,60.3,19.6,18.6,16.1
2023.5.8,0.7,0,20,18.9,16.1
2023.5.9,0.6,0.6,16.6,16.5,13.4
2023.5.10,0.6,0,19.8,18.4,17.4
2023.5.11,0.5,0,19.6,18.5,18.3
2023.5.12,0.5,0,17.9,17.8,17.2
2023.5.13,0.5,0,18.9,19.1,18
2023.5.14,0.5,0,20,20.5,18.8
2023.5.15,0.5,0,21.5,22.5,23.5
2023.5.16,0.5,0,25.4,24,23.3
2023.5.17,0.5,0,24.7,26.7,26.6
2023.5.18,0.5,0,27.2,26.3,27.8
2023.5.19,0.4,0,27.3,26.6,27.7
2023.5.20,0.4,0.3,25.6,25.5,25.9
2023.5.21,0.4,0,24.9,22.9,21.2
2023.5.22,0.4,0,24.3,24.4,24.2
2023.5.23,0.4,0,24.6,23.2,20.9
2023.5.24,0.4,79,15.6,15.6,15.1
2023.5.25,0.3,5.4,18.3,18.9,18.1
2023.5.26,0.3,0,19.7,20.5,19.9
2023.5.27,0.3,0,21.2,21.6,21.2
2023.5.28,0.3,0,19,18.9,19.6
2023.5.29,0.3,0,21,20.6,19.5
2023.5.30,0.3,41.9,19.4,18.9,16.6
2023.6.1,0,43.7,20,19.4,16.9
2023.6.2,0,2,20.9,20.4,19
2023.6.3,0,22.6,21.1,21.3,18.7
2023.6.4,0,5,23.6,22.4,21.6
2023.6.5,0,2,25.1,25.8,23.5
2023.6.6,0,0,25.6,24.1,22.8
2023.6.7,0,0.9,20.4,21.2,21.4
2023.6.8,0,3.7,18.2,18.9,19.5
2023.6.9,0,0,21.7,21.2,22.5
2023.6.10,0,0,25.2,27.2,26.3
2023.6.11,0,0,28.5,29.5,29.4
2023.6.12,0,0,31.1,30.3,29.3
2023.6.13,0,0,30.2,30.9,30.6
2023.6.14,0,0,28.4,28.8,27.7
2023.6.15,0,0.8,26.6,26,22.9
2023.6.16,0,14.5,23.5,23.9,22.2
2023.6.17,0,2.4,25.7,27.3,25.2
2023.6.18,0,0,28.9,29.5,28.3
2023.6.19,0,0,30.3,31.4,30.5
2023.6.20,0,0,28.3,30.2,28
2023.6.21,0,1,25.6,26.3,26
2023.6.22,0,3.5,24.9,24.6,24.2
2023.6.23,0,18.5,24.8,24.8,22.9
2023.6.24,0,0,27.7,27.9,26.1
2023.6.25,0,0,31.3,31.4,29.4
2023.6.26,0,0,31.1,31.8,30.1
2023.6.27,0,0,31.1,32.4,31.2
2023.6.28,0,0,30.3,30.8,29.7
2023.6.29,0,0,28.1,27.9,27.9
2023.6.30,0,0,28.8,29.3,27.1
2023.7.1,0,0,31.2,31.7,29.8
2023.7.2,0,10,30.6,29.9,28.4
2023.7.3,0,0.6,29.6,29.4,29
2023.7.4,0,0,30.7,31.3,30.8
2023.7.5,0,0,30.8,29.8,30.7
2023.7.6,0,0.6,29.7,29.8,28.5
2023.7.7,0,164.1,26.2,26.4,25.2
2023.7.8,0,0.5,28,28.8,29.5
2023.7.9,0,0,29.1,31.1,32.2
2023.7.10,0,0,30.5,30.3,32.4
2023.7.11,0,0,30.6,30.7,34.3
2023.7.12,0,0,32.3,32.4,34.3
2023.7.13,0,0,34.1,33.4,33.8
2023.7.14,0,18.2,31.5,31.9,31.8
2023.7.15,0,63,30.2,30.7,29.4
2023.7.16,0,40.9,27.5,27.5,25.9
2023.7.17,0,9.8,26.4,27,25.3
2023.7.18,0,0,27.3,29.2,31.2
2023.7.19,0,0,31.7,31.1,30.2
2023.7.20,0,0,29.6,29,29.2
2023.7.21,0,0,28.5,29.1,28.5
2023.7.22,0,0,28.9,29.1,28.2
2023.7.23,0,0,28.4,28.7,28.9
2023.7.24,0,0,27.6,28.6,27.7
2023.7.25,0,50.4,27.8,27.7,24.5
2023.7.26,0,1.5,25,25.4,23.7
2023.7.27,0,0,30,30.1,28.6
2023.7.28,0,0,31.5,30.3,27.8
2023.7.29,0,16.9,29.3,28.1,27.1
2023.7.30,0,0,28.6,28,28.1
2023.7.31,0,0,29.7,29.2,29
2023.8.1,1.5,14.6,29.4,28.3,25.6
2023.8.2,3,357.6,26,25.5,23.1
2023.8.3,4,130.3,26.7,27.3,24.2
2023.8.4,4.5,114.4,26.3,27.3,25.7
2023.8.5,4.5,98.2,27.2,28.6,25.8
2023.8.6,4.6,0,28.8,29.4,28
2023.8.7,4.6,0,30.8,30.8,29.2
2023.8.8,4.7,0,31.2,31.8,30.5
2023.8.9,4.8,76.1,28,27.4,25.9
2023.8.10,4.9,0,28.1,27.7,26.1
2023.8.11,5,0,27.3,28,26.6
2023.8.12,5.1,0,27.8,28.6,27.1
2023.8.13,5.2,0,29,28.7,27.2
2023.8.14,5.4,0,28.6,28.8,27.7
2023.8.15,5.7,0,29,29.3,27.6
2023.8.16,5.8,19.1,26,26.4,25.3
2023.8.17,5.9,0,28,27.8,26.8
2023.8.18,5.9,0,28.2,28.3,27.4
2023.8.19,6,0,27.6,28.3,27.8
2023.8.20,6,0,28.6,29.6,28.7
2023.8.21,6,8.3,28.9,29.7,28.7
2023.8.22,6,49,29.4,29,26.8
2023.8.23,6,7,27.3,26.9,25.9
2023.8.24,6,31.1,26.6,26.9,24.7
2023.8.25,5.8,10.1,25.9,26.7,25.4
2023.8.26,5.8,13.4,26.8,26.7,24.3
2023.8.27,6,32.9,25.9,26.9,24.4
2023.8.28,6,9.1,23.6,24.5,22
2023.8.29,6,0,25,25.1,24
2023.8.30,6,78.8,21.5,21.3,19.1
2023.8.31,6,114.8,19.3,19.1,16.4
2023.9.1,6.1,0,23.2,23,21.7
2023.9.2,6.1,0.3,23.6,23.8,21.2
2023.9.3,6.1,3.1,23.2,23.4,22
2023.9.4,6.1,0,25.6,26,25.3
2023.9.5,6.1,0,25.7,25.8,24.5
2023.9.6,6.1,0,25.2,25.7,24.4
2023.9.7,6.1,0,24.8,26.6,24.9
2023.9.8,6.1,0,26.1,26.9,26.1
2023.9.9,6.1,0,26.1,26.3,25.3
2023.9.10,6.2,0,26.9,26.7,25.5
2023.9.11,6.2,0,25.4,26.6,25.5
2023.9.12,6.2,0,26.2,26.2,25.8
2023.9.13,6.2,5.1,26,26.2,24.2
2023.9.14,6.2,103.3,24.2,24.3,21
2023.9.15,6.2,0,24,24.8,23.1
2023.9.16,6.2,0.4,24.1,24,21.7
2023.9.17,6.2,7.3,24.4,23.7,22
2023.9.18,6.2,0,23,22.7,22.1
2023.9.19,6.2,0,23.7,24.5,22.9
2023.9.20,6.2,0,24.4,25.4,23.8
2023.9.21,6.2,0,25.5,25.5,24.3
2023.9.22,6.2,0.1,26.8,28.5,26.4
2023.9.23,6.2,119.8,22.6,21.9,20.4
2023.9.24,6.2,1.7,22.7,22.4,20.5
2023.9.25,6.2,0.1,21,22.7,21.3
2023.9.26,6.2,0,21.3,21.6,20.8
2023.9.27,6.2,0,21.4,21.2,19.2
2023.9.28,6.4,39.1,17.3,17.3,15.1
2023.9.29,6.4,11.9,17.8,17.6,16.2
2023.9.30,6.4,6.3,18.9,18.9,18.4
2023.10.1,6.4,4,18.3,18.9,17.9
2023.10.2,6.4,10.4,17.6,18.4,18.7
2023.10.3,6.4,2.6,19.6,20.7,20.4
2023.10.4,6.4,0,19,19.7,20.3
2023.10.5,6.5,1,17.8,18.2,17.5
2023.10.6,6.5,0.4,16.3,17.2,16.2
2023.10.7,6.5,0,19.1,20.4,19.4
2023.10.8,6.5,0,19.4,20.5,19
2023.10.9,6.4,0,18.3,18,16.2
2023.10.10,6.4,0,16,16.8,15.6
2023.10.11,6.4,0,16.3,17.5,14.7
2023.10.12,6.6,0,16.9,19,17.2
2023.10.13,6.6,0,19.8,18.6,17.7
2023.10.14,6.5,0,17.3,17.6,17
2023.10.15,6.5,0,17,17.3,16.9
2023.10.16,6.5,0,16.6,17.8,16.2
2023.10.17,6.5,0,15.8,17.8,17.1
2023.10.18,6.5,0,17.7,18.2,18.6
2023.10.19,6.5,0,17.7,20.4,21.6
2023.10.20,6.5,0,17.8,18.4,17.4
2023.10.21,6.5,0.4,17.7,18.8,17.6
2023.10.22,6.5,1.7,19.8,20.6,18.8
2023.10.23,6.5,0.4,16.1,16.8,15.7
2023.10.24,6.5,0,12.7,14.4,13.5
2023.10.25,6.5,0,13.5,14.8,14.6
2023.10.26,6.4,0,14.3,16.8,16.3
2023.10.27,6.4,0,15.5,18.7,17.9
2023.10.28,6.3,0,17.1,20.1,20.4
2023.10.29,6.3,0,18.1,20.1,22.6
2023.10.30,6.3,0,23.3,18.5,20
2023.10.31,6.3,0,15.7,17.2,16.4
2023.11.1,6.3,0,15.6,17.6,17.6
2023.11.2,6.3,0,16.6,18.9,19.2
2023.11.3,6.3,0,16.9,18,20.4
2023.11.4,6.3,0,17.8,20.1,20.8
2023.11.5,6.3,0,18.7,22.4,23.5
2023.11.6,6.3,0,19.5,21.7,21.9
2023.11.7,6.3,6.2,17.1,16.8,15.9
2023.11.8,6.2,0.7,12.9,13.3,13.4
2023.11.9,6.2,98.7,12.4,12.5,10.2
2023.11.10,6.2,0,9,10,9.5
2023.11.11,6.2,0,8.5,9.5,10.1
2023.11.12,6.2,0,10.6,10.8,11.2
2023.11.13,6.1,0,9.9,9.6,7.2
2023.11.14,6.1,1.8,4,4.3,2
2023.11.15,6.1,0.7,3.2,2.8,-0.1
2023.11.16,6.1,0,3.8,3.2,2.6
2023.11.17,6.1,0,3.9,5.4,4.5
2023.11.18,6.1,0,3.9,5.2,5.9
2023.11.19,6.1,0,6.7,7.5,8.3
2023.11.20,6,0,10.9,11.1,9.2
2023.11.21,6,0,7.4,8.2,8.6
2023.11.22,6,0,8,8.1,9.2
2023.11.23,6,0,8.8,11.2,13.2
2023.11.24,5.9,0,7.9,8.9,10.3
2023.11.25,5.9,0,9.1,11.4,12.2
2023.11.26,5.8,0,11.9,11.4,13.9
2023.11.27,5.8,0,8.1,8.2,6.3
2023.11.28,5.7,0,2.4,2,0.2
2023.11.29,5.7,0.1,3.5,3.2,1.1
2023.11.30,5.7,0,2.1,3.3,3.8
2023.12.1,5.7,0,9.9,11.3,11.7
2023.12.2,5.7,0,5,5.7,5.4
2023.12.3,5.7,0,4.4,3.7,1.3
2023.12.4,5.6,0,-1.5,-0.1,0.3
2023.12.5,5.6,0,2.5,1.2,3.6
2023.12.6,5.5,0,2,2.6,4.7
2023.12.7,5.5,0,2.5,4.3,5
2023.12.8,5.4,0,5.1,8.1,10.1
2023.12.9,5.4,0,6.9,8.4,11.4
2023.12.10,5.4,0,11.9,12.1,11.4
2023.12.11,5.4,0,8.8,12.7,15.8
2023.12.12,5.4,0,10.4,14.9,19.1
2023.12.13,5.5,0,11.5,9,9.3
2023.12.14,5.5,12.1,4.6,3.2,0.8
2023.12.15,5.4,24.3,-0.1,-1.2,-3.2
2023.12.16,5.4,0,-0.6,-1.4,-2.9
2023.12.17,5.4,1.2,-0.1,-0.9,-3.1
2023.12.18,5.3,41.8,0.6,-0.5,-2.5
2023.12.19,5.3,4.1,-2.1,-2.6,-4.8
2023.12.20,5.3,0,-6.3,-6.4,-6.7
2023.12.21,5.3,0,-6.3,-7.6,-8
2023.12.22,5.3,0,-2.6,-2.4,-4.8
2023.12.23,5.3,0,-4,-4.6,-6.3
2023.12.24,5.3,0,-6.6,-7.7,-8.9
2023.12.25,5.3,0,-8.8,-9.2,-8.7
2023.12.26,5.3,0,-7.3,-7.4,-6.5
2023.12.27,5.3,0,-4.7,-5.6,-5.4
2023.12.28,5.3,0,-3.8,-4.1,-3.2
2023.12.29,5.3,0,-1.5,-2.3,0.3
2023.12.30,5.3,0,1.2,0.4,1
2023.12.31,5.3,0,0.4,-0.3,-1.8
2024.1.1,5.2,0,-1.8,-1.7,-0.8
2024.1.2,5.2,6.8,1.1,1.4,1.4
2024.1.3,5.2,0,1.5,-0.4,2.9
2024.1.4,5.1,0,0.2,-0.1,1.2
2024.1.5,5.1,0,-1.8,-0.7,-0.7
2024.1.6,5,0,1,1.4,4.1
2024.1.7,5,0,3.9,2.7,5.5
2024.1.8,5,0,3,5.1,6.9
2024.1.9,4.9,0,4.5,3.9,4.5
2024.1.10,4.9,0,2.1,2.2,1.7
2024.1.11,4.8,0,-2.4,-1.3,-1.3
2024.1.12,4.8,0,-0.7,1.8,0.9
2024.1.13,4.8,0,0.1,1.2,-0.4
2024.1.14,4.8,0,-0.7,1.8,0.9
2024.1.15,4.7,0,1.7,5.1,6.6
2024.1.16,4.7,0,2.3,4.5,4.6
2024.1.17,4.7,0,3.3,2.1,2.1
2024.1.18,4.6,0,3,2.4,0.8
2024.1.19,4.6,4.9,-1.7,-1.2,-0.7
2024.1.20,4.6,28.3,-0.2,-0.3,-0.9
2024.1.21,4.5,15.6,0.4,0.2,-0.1
2024.1.22,4.5,0,0.9,0.7,-0.9
2024.1.23,4.4,0,1.2,0.5,-1.6
2024.1.24,4.4,0,-0.4,-0.9,-2.5
2024.1.25,4.4,0,-2,-2,-4.6
2024.1.26,4.3,0,-6,-5.6,-6.9
2024.1.27,4.3,0,-6.3,-5.3,-5.8
2024.1.28,4.2,0,-4.1,-2.4,-2.3
2024.1.29,4.2,0,-1.8,-0.3,0
2024.1.30,4.2,0,-1.3,0.8,1.6
2024.1.31,4.1,0,-0.1,-0.4,0.6
2024.2.1,4.1,0,-0.1,0.3,2.3
2024.2.2,4.1,0,2.8,1.1,2.3
2024.2.3,4,0,2,1.5,0.6
2024.2.4,4,0.3,-0.9,-1.3,-2.6
2024.2.5,4,5.3,-1.5,-2.2,-4.8
2024.2.6,4,4.2,-4.1,-3.6,-5.7
2024.2.7,3.9,3.3,-2.8,-1.9,-3.7
2024.2.8,3.9,0.6,-1.4,-1,-3.4
2024.2.9,3.9,0,-2.8,-2.3,-3.5
2024.2.10,3.9,0,-1.2,-0.5,-1.3
2024.2.11,3.8,0,-1.2,0,0
2024.2.12,3.8,0,-0.3,1.2,1.1
2024.2.13,3.8,0,2.1,4.3,5.1
2024.2.14,3.7,0,4.1,3.8,5.7
2024.2.15,3.7,0,4.4,6.8,7.9
2024.2.16,3.7,0,5.9,8.7,9.3
2024.2.17,3.6,0,8.2,10,12.1
2024.2.18,3.6,0,10.2,9,9.8
2024.2.19,3.6,2,5.6,6.1,4.6
2024.2.20,3.6,0,4.8,7.6,6.6
2024.2.21,3.5,0,7.9,8.8,9.4
2024.2.22,3.5,0,12.1,10.2,10.5
2024.2.23,3.5,1,6.8,6.2,3.3
2024.2.24,3.4,13.7,-0.4,-1.5,-4
2024.2.25,3.4,5.4,-3.4,-4.6,-6.5
2024.2.26,3.4,0,-0.8,-1.7,-3.4
2024.2.27,3.4,0,-0.3,-0.8,-2.1
2024.2.28,3.4,0,0.5,1.1,-0.4
2024.2.29,3.3,0,2,2.1,2.4
2024.3.1,3.3,0,4.1,2.8,2.9
2024.3.2,3.3,0,2,3.3,3.2
2024.3.3,3.3,0,5,4.5,4
2024.3.4,3.2,0,5.5,5,2.5
2024.3.5,3.2,0.9,2,3.1,1.2
2024.3.6,3.2,0,4.3,5.8,5.3
2024.3.7,3.1,0,6.7,6.4,7.9
2024.3.8,3.1,0,8.5,6.4,4.3
2024.3.9,3.1,0,7.2,6.3,3.3
2024.3.10,3,0.3,4.3,4.5,2.6
2024.3.11,3,0,6.4,7.6,7.1
2024.3.12,3,0,4.8,5.6,5.8
2024.3.13,2.9,0,7,7.2,7.9
2024.3.14,2.9,0,9.2,11,11.9
2024.3.15,2.8,0,11.8,13.5,14.3
2024.3.16,2.8,0,10.9,10.9,9.9
2024.3.17,2.7,0.7,10.6,12.8,11.2
2024.3.18,2.7,0,11.3,12.4,13.4
2024.3.19,2.6,0,13.3,12.8,13.9
2024.3.20,2.6,0,15.4,15.8,15.5
2024.3.21,2.4,0,14.6,13.3,12.3
2024.3.22,2.2,0,12.4,13.5,13.4
2024.3.23,2.1,0,13.9,13.7,13.9
2024.3.24,1.9,0,12.6,11.8,12.2
2024.3.25,1.8,0,13.2,15,14.8
2024.3.26,1.7,0,14.6,13.5,14.2
2024.3.27,1.6,1.7,16.8,13.8,11.3
2024.3.28,1.5,49.3,12.8,11.9,9.8
2024.3.29,1.5,15.8,9.4,8.8,7.5
2024.3.30,1.4,0,11.8,12.3,13.1
2024.3.31,1.4,0,14.4,14.7,14.9
2024.4.1,1.4,0,16.5,14.1,18.9
2024.4.2,1.3,0,17.3,17.2,18.4
2024.4.3,1.3,0,17.2,16.9,17
2024.4.4,1.3,0,16.9,18.1,19.6
2024.4.5,1.2,0,19.3,17.4,17.4
2024.4.6,1.2,0.7,16.1,13.9,12.4
2024.4.7,1.2,1.6,13.4,12.7,10.2
2024.4.8,1.1,0,10.6,10.4,10
2024.4.9,1,0,11.9,13,13.1
2024.4.10,0.9,0,15.3,16.9,16.8
2024.4.11,0.8,0,17.4,18.5,18.4
2024.4.12,0.7,0,18.3,19.4,20.5
2024.4.13,0.6,0,16,14.5,13.8
2024.4.14,0.5,0,16.8,16.8,15.5
2024.4.15,0.4,0,18.7,18.6,19.6
2024.4.16,0.3,0,18.9,19.9,20.5
2024.4.17,0.2,0,19.9,20.4,20.3
2024.4.18,0.1,16.7,18.3,17.9,16.8
2024.4.19,0.05,0,18.3,19,19.2
2024.4.20,0,0,19.5,19.2,18.5
2024.4.21,0,0,19.6,20.2,20.7
2024.4.22,0,0,20.2,21.1,22.3
2024.4.23,0,2.9,18.4,17.8,17.5
2024.4.24,0,0.1,18.4,17.8,16.7
2024.4.25,0,0,19.5,19.6,18.2
2024.4.26,0,0.5,20.4,21.2,20.1
2024.4.27,0,0,21,20.9,19.8
2024.4.28,0,0,18.9,20.1,20.9
2024.4.29,0,0,22.1,22.8,24.4
2024.4.30,0,0,23.6,23.7,24.8
2024.4.31,0,0,24.1,23.6,23.9
2024.5.1,0,0,21.6,18.8,18.2
2024.5.2,0,0,17.1,15.9,14.4
2024.5.3,0,0.2,17,16.5,16
2024.5.4,0,0,16.7,17.3,18.1
2024.5.5,0,0,18.9,19.1,19
2024.5.6,0,0,19.6,17.8,18.1
2024.5.7,0,8.1,15.6,16.2,15.4
2024.5.8,0,0,16.9,17.3,16.5
2024.5.9,0,0,18.5,19,18.9
2024.5.10,0,0,22,21.8,22
2024.5.11,0,0,23.3,21.6,22.4
2024.5.12,0,0,23.6,22.9,23.7
2024.5.13,0,0,24.2,24,25
2024.5.14,0,0,23.7,22.6,22.9
2024.5.15,0,0,22,20,21.3
2024.5.16,0,0,23.4,23.7,24.2
2024.5.17,0,0,26.2,26.6,28.3
2024.5.18,0,8.1,22,21.1,20.3
2024.5.19,0,0,21.4,23,22.8
2024.5.20,0,0.5,28,26.6,28.3
2024.5.21,0,0,30,28.2,28.2
2024.5.22,0,0,29.4,28.9,29.8
2024.5.23,0,0,25.5,22,21.9
2024.5.24,0,0,23.2,23.6,23.7
2024.5.25,0,0,27.2,26.2,26.9
2024.5.26,0,0,28.3,28.8,28.6
2024.5.27,0,0,26.8,22.9,23
2024.5.28,0,16.9,21,19.1,18.3
2024.5.29,0,8.3,23.8,21.8,22.9
2024.5.30,0,0,25.2,24.2,24.4
2024.5.31,0,0,26.2,25.7,26
2024.6.1,0,0,24.4,25,24.6
2024.6.2,0,0.3,26.2,26.3,27.3
2024.6.3,0,0,27.4,27.2,27.3
2024.6.4,0,0,28.1,27.2,26.2
2024.6.5,0,0,28,28.4,28.6
2024.6.6,0,0.1,27.6,29,27.6
2024.6.7,0,1.2,26.8,26.2,26
2024.6.8,0,0,23.8,24.6,23.5
2024.6.9,0,0,24.6,24.7,23.9
2024.6.10,0,0.3,27.2,26.3,23.4
2024.6.11,0,0.3,26.6,25.7,25.6
2024.6.12,0,0,28.2,29.2,30
2024.6.13,0,0,30.4,29.8,30.8
2024.6.14,0,3.8,31.3,31.2,29.6
2024.6.15,0,0,31.7,32.8,30.8
2024.6.16,0,6.9,33.1,33.3,31.6
2024.6.17,0,1.4,30.2,31.1,29
2024.6.18,0,0,30.6,30.2,28.5
2024.6.19,0,22.8,24.9,23.4,23
2024.6.20,0,0,26.5,27,27.1
2024.6.21,0,0,29.3,30.2,29.1
2024.6.22,0,0,29.9,29.8,29.8
2024.6.23,0,0,30,30,29.9
2024.6.24,0,79.7,26,25.4,23.7
2024.6.25,0,0,27.8,28.3,26.9
2024.6.26,0,0,32.3,31,29.8
2024.6.27,0,0.1,29.6,29.2,27.4
2024.6.28,0,0,29.6,29.2,28
2024.6.29,0,0,29.7,29.7,28.2
2024.6.30,0,0,28.7,28.2,27.6
2024.7.1,0.05,0,29.4,29,28.8
2024.7.2,0.05,0,29.7,30.4,28.5
2024.7.3,0.05,47.9,28.9,28.8,28.6
2024.7.4,0.05,40,25.2,24.6,22.4
2024.7.5,0.05,62.7,23.3,22.2,20.8
2024.7.6,0.1,0,24.7,24.9,23.1
2024.7.7,0.1,26.6,27.4,27.2,26.5
2024.7.8,0.1,125.3,24.6,24.7,23.1
2024.7.9,0.15,0.1,26.8,26.7,26.5
2024.7.10,0.15,0.1,28.2,28.2,26.6
2024.7.11,0.15,15.9,25.5,24.4,23.9
2024.7.12,0.2,0,26.2,26.4,26
2024.7.13,0.2,0,28,27.8,27
2024.7.14,0.2,0,28.1,28.4,28.2
2024.7.15,0.2,0,27.5,27.4,26.8
2024.7.16,0.3,0,28.7,28.6,25.5
2024.7.17,0.3,0,28.3,27.7,25.4
2024.7.18,0.4,19.2,26.5,26.2,24.1
2024.7.19,0.4,5.1,27.1,27.4,25.9
2024.7.20,0.5,101.7,26.1,26.3,24.6
2024.7.21,0.5,0,27.6,28.2,28.5
2024.7.22,0.6,7.4,27.5,27.8,28
2024.7.23,0.6,7.5,27.6,28,27.1
2024.7.24,0.7,0,31,31.4,29.7
2024.7.25,0.7,134.6,30.4,30.9,28.8
2024.7.26,0.7,1.9,29.2,29.8,27.8
2024.7.27,0.7,0,30.8,32.3,30.3
2024.7.28,0.7,34.6,26.2,26.8,25.4
2024.7.29,0.8,3.1,28.8,28.2,26.8
2024.7.30,0.8,0,29.2,29.2,28.5
2024.8.1,0.9,0,30.5,29.4,28.8
2024.8.2,0.9,91.2,27.8,27.8,26.1
2024.8.3,0.9,0.2,30,30.2,28.2
2024.8.4,0.9,0.7,28.6,28.8,28.4
2024.8.5,1,0,30.1,30.3,29.1
2024.8.6,1,0,29.7,30.3,29
2024.8.7,1,0,30.6,31.4,30.1
2024.8.8,1.1,44.9,30.2,30.5,28.2
2024.8.9,1.1,0.7,29.4,29,27.1
2024.8.10,1.2,0,29.7,29.8,28.2
2024.8.11,1.2,10.7,27.6,28.2,25.6
2024.8.12,1.2,0,27.2,27.6,25.7
2024.8.13,1.3,36.2,28,28.4,25.8
2024.8.14,1.3,0.1,28,29.4,28.8
2024.8.15,1.3,0,29.1,30.8,30.6
2024.8.16,1.3,0,28.3,28.7,29.4
2024.8.17,1.4,2.4,29.3,28.5,27.6
2024.8.18,1.4,0.1,27.7,27.7,26.2
2024.8.19,1.5,0,28.5,28.8,26.8
2024.8.20,1.6,1.2,28.4,29.8,26.6
2024.8.21,1.6,14.9,27.8,28.5,25.2
2024.8.22,1.6,15.3,27.5,27.4,25.2
2024.8.23,1.6,48.4,26.2,25.5,24.4
2024.8.24,1.6,12,25.5,25.8,23.5
2024.8.25,1.7,0,26,26.9,25.4
